﻿Stato,Capitale,Popolazione,Decessi Da Omicidi
Alabama,Montgomery,5024279,348
Alaska,Juneau,733391,59
Arizona,Phoenix,7151502,309
Arkansas,Little Rock,3011524,181
California,Sacramento,39538223,1861
Colorado,Denver,5773714,176
Connecticut,Hartford,3605944,117
Delaware,Dover,989948,63
Distretto Di Columbia,Washington,689545,162
Florida,Tallahassee,21538187,1041
Georgia,Atlanta,10711908,615
Hawaii,Honolulu,1455271,19
Idaho,Boise,1839106,32
Illinois,Springfield,12812508,744
Indiana,Indianapolis,6785528,373
Iowa,Des Moines,3190369,72
Kansas,Topeka,2937880,128
Kentucky,Frankfort,4505836,209
Louisiana,Baton Rouge,4657757,481
Maine,Augusta,1362359,23
Maryland,Annapolis,6177224,516
Massachusetts,Boston,7029917,128
Michigan,Lansing,10077331,571
Minnesota,Saint Paul,5706494,133
Mississippi,Jackson,2961279,259
Missouri,Jefferson City,6154913,502
Montana,Helena,1084225,36
Nebraska,Lincoln,1961504,62
Nevada,Carson City,3104614,178
New Hampshire,Concord,1377529,14
New Jersey,Trenton,9288994,363
New Mexico,Santa Fe,2117522,117
New York,Albany,20201249,609
North Carolina,Raleigh,10439388,517
North Dakota,Bismarck,779094,21
Ohio,Columbus,11799448,500
Oklahoma,Oklahoma City,3959353,234
Oregon,Salem,4237256,99
Pennsylvania,Harrisburg,13002700,658
Rhode Island,Providence,1097379,29
South Carolina,Columbia,5118425,399
South Dakota,Pierre,886667,32
Tennessee,Nashville,6910840,406
Texas,Austin,29145505,1316
Utah,Salt Lake City,3271616,54
Vermont,Montpelier,643077,10
Virginia,Richmond,8631393,383
Washington,Olympia,7705281,211
West Virginia,Charleston,1793716,70
Wisconsin,Madison,5893718,240
Wyoming,Cheyenne,576851,16
